"#","Keyword","Converter","Search Intent","Competition","Suggested Blog Title","Why It's Rankable"
"1","convert pdf to word free online no sign up no watermark","PDF Converter (PDF to DOCX)","Transactional · student/office worker needs an editable Word file now","High","Convert PDF to Word Free Online — No Sign-Up, No Watermark","Highest-intent anchor term; the long modifier string narrows it vs bare 'pdf to word', and TetaConverter's account-free flow with richly formatted .docx (headings, grid tables, code, blockquotes) matches the exact demand."
"2","pdf to markdown converter online free no ads","PDF Converter (PDF to Markdown)","Transactional · writer/dev moving PDF content into Markdown","Medium","PDF to Markdown Converter Online (Free, No Ads)","Growing niche with few giants; TetaConverter preserves headings, tables, lists, code blocks and blockquotes — the structure MD users actually need."
"3","convert pdf to markdown for llm and rag pipelines free","PDF Converter (PDF to Markdown)","Transactional · AI/ML dev prepping clean text for retrieval","Low–Medium","Convert PDF to Markdown for LLM & RAG Pipelines (Free)","Emerging high-value query with little big-brand presence; clean structured Markdown is ideal model input."
"4","pdf to json converter online free for developers","PDF Converter (PDF to JSON)","Transactional · developer needs structured PDF data","Low","PDF to JSON Converter Online — Free Structured Output","Underserved technical pair; TetaConverter natively emits structured JSON, so a focused page can own it."
"5","convert pdf to word with tables and formatting preserved free","PDF Converter (PDF to DOCX)","Transactional · user burned by broken tables in other tools","Low–Medium","Convert PDF to Word With Tables & Formatting Preserved (Free)","Feature-specific longtail hitting a top pain point; .docx output keeps grid-styled tables, headings, code and blockquotes."
"6","pdf to markdown with code blocks and tables online free","PDF Converter (PDF to Markdown)","Transactional · dev converting technical specs/docs","Low","PDF to Markdown With Code Blocks & Tables Preserved (Free)","Narrow feature longtail matching TetaConverter's high-fidelity extraction; minimal competition."
"7","convert pdf to editable docx online free no email","PDF Converter (PDF to DOCX)","Transactional · privacy-minded user avoiding email-gated tools","Medium","Convert PDF to Editable DOCX Online — Free, No Email","'No email' filters out Zamzar-style tools; TetaConverter needs no account or email."
"8","free pdf to markdown converter for github readme","PDF Converter (PDF to Markdown)","Transactional · dev building repo documentation","Low","Free PDF to Markdown Converter for GitHub READMEs","Use-case longtail with clear dev intent and low competition; Markdown drops straight into a repo."
"9","convert png to ico favicon online free no sign up","Image Converter (PNG to ICO)","Transactional · web dev creating a site favicon","Medium","Convert PNG to ICO Favicon Online (Free, No Sign-Up)","High-intent web-dev term; TetaConverter outputs multi-size ICO (16×16–256×256); the favicon need is evergreen."
"10","image to ico converter all sizes 16x16 to 256x256 free","Image Converter (image to ICO)","Transactional · dev needs a proper multi-size icon","Low–Medium","Image to ICO Converter — All Sizes 16×16 to 256×256 (Free)","Spec-specific longtail few tools name explicitly; matches TetaConverter's multi-size ICO generation exactly."
"11","convert webp to png online free no sign up","Image Converter (WebP to PNG)","Transactional · user needs a universally-supported PNG","Medium","Convert WebP to PNG Online Free (No Sign-Up)","Common real-world pair as WebP spreads; a clean account-free flow wins the click."
"12","convert png to webp online free with quality control","Image Converter (PNG to WebP)","Transactional · web dev optimizing page weight","Low–Medium","Convert PNG to WebP Online Free — With Quality Control","Feature longtail; TetaConverter's 1–100 quality slider for WebP is the differentiator."
"13","compress jpg online free with quality slider no watermark","Image Converter (JPG quality slider)","Transactional · user shrinking a photo for upload","Medium","Compress JPG Online Free With a Quality Slider (No Watermark)","'Compress' is adjacent to the quality slider; the precise modifier set narrows a busy space."
"14","resize image online free keep aspect ratio no sign up","Image Converter (resize)","Transactional · user resizing for a form or site","Medium","Resize Image Online Free — Keep Aspect Ratio, No Sign-Up","Maps to TetaConverter's width/height resize with aspect-ratio lock; the auto-calculated dimension is a real convenience hook."
"15","convert tiff to jpg online free no ads","Image Converter (TIFF to JPG)","Transactional · office/scanner user needs a shareable JPG","Low–Medium","Convert TIFF to JPG Online Free (No Ads)","Lower-competition legacy pair; TetaConverter handles RGBA-to-RGB compositing so the output looks right."
"16","create favicon from image online free no registration","Image Converter (image to ICO)","Transactional · site owner making a brand favicon","Medium","Create a Favicon From Any Image Online (Free, No Registration)","Use-case framing of the ICO feature; high intent, evergreen, and account-free."
"17","convert wma to mp3 online free no sign up","Audio Converter (WMA to MP3)","Transactional · user freeing legacy Windows audio","Low","Convert WMA to MP3 Online Free (No Sign-Up)","Legacy format means thin competition; TetaConverter supports WMA in and MP3 out."
"18","convert flac to mp3 320kbps online free","Audio Converter (FLAC to MP3)","Transactional · listener wants smaller high-quality files","Low–Medium","Convert FLAC to MP3 320kbps Online Free","Bitrate qualifier matches TetaConverter's 320 kbps option and signals quality-conscious intent."
"19","convert m4a to mp3 online free no ads","Audio Converter (M4A to MP3)","Transactional · user converting iPhone/voice audio","Medium","Convert M4A to MP3 Online Free (No Ads)","Very common need; 'no ads' differentiates from the many ad-heavy converters."
"20","convert audio to mp3 320kbps free online no sign up","Audio Converter (any to MP3)","Transactional · user wants a max-quality MP3","Medium","Convert Audio to MP3 320kbps Free Online (No Sign-Up)","Bitrate-led longtail; TetaConverter accepts any audio input and offers a 320 kbps option."
"21","convert wav to flac online free lossless","Audio Converter (WAV to FLAC)","Transactional · audiophile archiving in lossless","Low","Convert WAV to FLAC Online Free (Lossless)","Niche lossless pair with low competition; both formats supported."
"22","convert ogg to mp3 online free no registration","Audio Converter (OGG to MP3)","Transactional · gamer/user converting OGG assets","Low–Medium","Convert OGG to MP3 Online Free (No Registration)","Less-common source format; the account-free flow fits a quick one-off need."
"23","convert excel to markdown table online free","Spreadsheet Converter (XLSX to Markdown)","Transactional · dev/PM pasting data into docs","Low–Medium","Convert Excel to Markdown Table Online Free","Developer/docs niche; TetaConverter outputs aligned Markdown tables directly from XLSX."
"24","convert csv to json online free no sign up","Spreadsheet Converter (CSV to JSON)","Transactional · developer wiring data into code/APIs","Medium","Convert CSV to JSON Online Free (No Sign-Up)","High-intent dev pair; a clean account-free flow beats cluttered tools."
"25","convert excel to json online free no ads","Spreadsheet Converter (XLSX to JSON)","Transactional · dev exporting a sheet to JSON","Low–Medium","Convert Excel to JSON Online Free (No Ads)","Common dev task with room to rank; direct XLSX-to-JSON support."
"26","csv to markdown table for github readme free","Spreadsheet Converter (CSV to Markdown)","Transactional · dev formatting a README table","Low","CSV to Markdown Table for GitHub READMEs (Free)","Use-case longtail with low competition; output pastes straight into Markdown."
"27","convert json to csv online free no registration","Spreadsheet Converter (JSON to CSV)","Transactional · analyst flattening JSON for a sheet","Medium","Convert JSON to CSV Online Free (No Registration)","Reverse pair with steady demand; TetaConverter handles JSON input to CSV."
"28","convert excel to html table online free","Spreadsheet Converter (XLSX to HTML)","Transactional · blogger/dev embedding a table","Low","Convert Excel to HTML Table Online Free","Underserved pair; structured HTML table output is ready to paste into a page."
"29","convert mp4 to gif online free no watermark","Video to GIF (MP4 to GIF)","Transactional · user making a shareable GIF","High","Convert MP4 to GIF Online Free — No Watermark","Core high-intent term; 'no watermark' is the #1 GIF concern and TetaConverter adds none."
"30","trim video to gif online free with custom duration","Video to GIF (trim/duration)","Transactional · user clipping one moment into a GIF","Medium","Trim Video to GIF Online Free — Set Start & Duration","Feature longtail matching TetaConverter's start-time + duration trimming; narrower than bare 'video to gif'."
"31","convert mkv to gif online free no sign up","Video to GIF (MKV to GIF)","Transactional · user converting a less-common video file","Low–Medium","Convert MKV to GIF Online Free (No Sign-Up)","Uncommon input format means lower competition; MKV is supported."
"32","video to gif converter with custom fps online free","Video to GIF (fps control)","Transactional · user tuning GIF smoothness/size","Low–Medium","Video to GIF Converter With Custom FPS (Free Online)","Feature longtail; TetaConverter's 1–30 fps control is a concrete differentiator."
"33","convert mov to gif online free no watermark","Video to GIF (MOV to GIF)","Transactional · Mac/iPhone user converting a MOV","Medium","Convert MOV to GIF Online Free — No Watermark","Common Apple-format pair; 'no watermark' intent plus auto-downscale keeps output clean."
"34","convert word to pdf online free no sign up no watermark","Document Converter (DOCX to PDF)","Transactional · user finalizing a doc to share","High","Convert Word to PDF Online Free — No Sign-Up, No Watermark","High-intent anchor; the long modifier string plus TetaConverter's heading/table-preserving DOCX-to-PDF fits the searcher."
"35","convert markdown to pdf online free","Document Converter (Markdown to PDF)","Transactional · dev/writer exporting notes to PDF","Medium","Convert Markdown to PDF Online Free","Popular dev pair; TetaConverter renders tables and fenced code blocks into the PDF."
"36","convert html to pdf online free no ads","Document Converter (HTML to PDF)","Transactional · dev saving a page as PDF","Medium","Convert HTML to PDF Online Free (No Ads)","Steady dev demand; direct HTML-to-PDF support with a clean, ad-free flow."
"37","convert markdown to pdf with code blocks free","Document Converter (Markdown to PDF)","Transactional · dev exporting technical Markdown","Low","Convert Markdown to PDF With Code Blocks (Free)","Feature longtail; fenced-code rendering is exactly what dev searchers want and few tools advertise."
"38","convert txt to pdf online free no registration","Document Converter (TXT to PDF)","Transactional · user turning plain notes into a PDF","Low–Medium","Convert TXT to PDF Online Free (No Registration)","Simple, lower-competition pair; pre-wrap formatting keeps the text tidy."
"39","free online file converter no sign up no ads","All converters (brand/hub)","Transactional · user wants one no-friction converter","High","Free Online File Converter — No Sign-Up, No Ads","Homepage/hub anchor; TetaConverter's 6-in-1, ad-free, account-free positioning is the literal promise."
"40","secure online file converter free files deleted automatically","All converters (privacy/trust)","Transactional · privacy-conscious user with a sensitive file","Low–Medium","Secure Online File Converter — Free, Files Deleted Automatically","Accurate trust angle (automatic temp-file cleanup); low competition and strong reassurance-driven intent."
"41","merge pdf files online free no sign up","PDF Tools (Merge)","Transactional · user combining multiple PDFs into one","Medium","Merge PDF Files Online Free — No Sign-Up","High-intent core tool; 'no sign up' differentiates from DocuWorld, Smallpdf gated flows; TetaConverter supports up to 20 files."
"42","combine pdf into one document online free no watermark","PDF Tools (Merge)","Transactional · user finalizing a report or submission","Low–Medium","Combine PDFs Into One Document Online Free (No Watermark)","'No watermark' hits the top pain point with free merge tools; clean output matches the demand."
"43","merge multiple pdfs online free no registration","PDF Tools (Merge)","Transactional · user merging docs quickly without account","Low","Merge Multiple PDFs Online Free (No Registration)","Niche longtail with clear intent; the account-free flow is the differentiator."
"44","split pdf into pages online free no sign up","PDF Tools (Split)","Transactional · user extracting specific pages from a PDF","Medium","Split PDF Into Pages Online Free — No Sign-Up","Core tool term; TetaConverter's custom range input (e.g. 1-3; 5; 7-10) is the differentiator."
"45","extract pages from pdf online free no ads","PDF Tools (Split)","Transactional · user pulling pages for a report or presentation","Low–Medium","Extract Pages From PDF Online Free (No Ads)","'No ads' differentiates from ad-heavy tools; clean extraction with individual downloads."
"46","split pdf by page range online free","PDF Tools (Split)","Transactional · user needs specific pages only","Low","Split PDF by Page Range Online Free","Range-based split feature matches TetaConverter's flexible page selector; low competition."
"47","compress pdf file size online free no sign up","PDF Tools (Compress)","Transactional · user shrinking PDF for email or upload","High","Compress PDF File Size Online Free — No Sign-Up","High-intent core tool; 'no sign up' filters out gated tools; TetaConverter shows compression reduction percentage."
"48","reduce pdf size online free without losing quality","PDF Tools (Compress)","Transactional · user wants smaller file but readable","Medium","Reduce PDF Size Online Free Without Losing Quality","Quality-focused longtail; TetaConverter's lossless compression maintains document fidelity."
"49","compress pdf online free no watermark no registration","PDF Tools (Compress)","Transactional · user avoiding tool watermarks and sign-ups","Low–Medium","Compress PDF Online Free — No Watermark, No Registration","Double-negative modifier set narrows the field; clean output is the hook."
"50","merge and compress pdf online free","PDF Tools (Merge + Compress)","Transactional · user wants full PDF workflow","Low","Merge & Compress PDF Online Free","Cross-tool combo query with low competition; TetaConverter offers both tools on one page."
"51","split pdf into smaller files online free","PDF Tools (Split)","Transactional · user breaking large PDF for sharing","Low–Medium","Split PDF Into Smaller Files Online Free","Use-case longtail; smaller files for email/sharing is the real intent behind split."
"52","online pdf tools merge split compress free","PDF Tools (hub)","Transactional · user looking for a complete PDF toolkit","Low–Medium","Online PDF Tools — Merge, Split & Compress Free","Hub/landing keyword; TetaConverter's 3-in-1 PDF Tools page is the exact match."
"53","free pdf merge tool no file size limit","PDF Tools (Merge)","Transactional · user with large PDFs blocked by size limits","Low","Free PDF Merge Tool — No File Size Limit","Size-limit pain point; TetaConverter has no file size restriction, strong differentiator."
"54","compress pdf for email online free no ads","PDF Tools (Compress)","Transactional · user prepping PDF for email attachment","Low–Medium","Compress PDF for Email Online Free (No Ads)","Use-case longtail; email attachment is the #1 compress scenario."
"55","merge pdf files on phone online free","PDF Tools (Merge)","Transactional · mobile user combining PDFs on the go","Low","Merge PDF Files on Phone Online Free","Mobile-specific longtail; TetaConverter's responsive UI works perfectly on phones."